query-id	corpus-id	score
21	298584	3
21	32	2
21	7938	2
21	7939	2
21	132955	2
21	280772	2
21	280786	2
21	419809	2
21	422865	2
21	422871	2
21	603235	2
21	7940	1
21	280771	1
21	299143	1
21	591107	1
21	4453	0
21	238112	0
21	238121	0
21	238123	0
21	238126	0
21	280779	0
21	280780	0
21	280781	0
21	280783	0
21	280784	0
21	280785	0
21	299142	0
21	332191	0
21	414748	0
21	414749	0
21	422864	0
21	422866	0
155	364520	3
155	224	2
155	171571	2
155	534188	1
155	83527	0
155	98469	0
155	320304	0
155	667672	0
155	700382	0
155	700384	0
155	702544	0
264	329544	3
264	500112	3
264	393	2
264	394	2
264	16039	2
264	204401	2
264	656495	2
264	758928	2
264	225558	1
264	376826	1
264	376827	1
264	395	0
264	293235	0
264	376825	0
264	484441	0
264	485523	0
264	500111	0
264	500113	0
460	261412	3
460	292723	3
460	673	2
460	292934	2
460	342949	1
460	116077	0
460	192691	0
460	484133	0
460	607258	0
460	641718	0
460	741122	0
769	685035	3
769	542589	2
769	685037	1
769	1117	0
769	92298	0
769	231195	0
769	291267	0
769	485189	0
769	542588	0
769	542590	0
769	613470	0
769	650246	0
769	664416	0
769	685038	0
769	703088	0
1037	502037	3
1037	661285	3
1037	1508	2
1037	1511	2
1037	32735	2
1037	282958	2
1037	404633	2
1037	1506	1
1037	282959	1
1037	582797	1
1037	1505	0
1037	1507	0
1037	1509	0
1037	1510	0
1037	164347	0
1037	222161	0
1037	222162	0
1037	282956	0
1037	404634	0
1037	404635	0
1037	427139	0
1037	450269	0
1037	450282	0
1037	511531	0
1037	582784	0
1037	582785	0
1037	582786	0
1037	582787	0
1037	582788	0
1037	582789	0
1037	582791	0
1037	593046	0
1037	661286	0
1037	707824	0
1037	712805	0
1037	713876	0
1089	163968	3
1089	154949	2
1089	555239	2
1089	555243	2
1089	555244	2
1089	719404	2
1089	1580	1
1089	436212	1
1089	442333	1
1089	555240	1
1089	555241	1
1089	9421	0
1089	231896	0
1089	436211	0
1089	436213	0
1089	442332	0
1089	555242	0
1089	572776	0
1089	604363	0
1089	724702	0
1214	34144	3
1214	193785	3
1214	398817	3
1214	663391	2
1214	675219	2
1214	137401	1
1214	438676	1
1214	1764	0
1214	193784	0
1214	200244	0
1214	250448	0
1214	299567	0
1214	438677	0
1298	691465	3
1298	1886	2
1298	50515	2
1298	220360	2
1298	303605	2
1298	415007	2
1298	587807	2
1298	603428	2
1298	220361	1
1298	587806	1
1298	50516	0
1298	138108	0
1298	303606	0
1298	415008	0
1298	469359	0
1298	469360	0
1298	469361	0
1298	587808	0
1317	184675	3
1317	1912	2
1317	152432	2
1317	152434	2
1317	152435	2
1317	345014	2
1317	377859	2
1317	475526	2
1317	496468	2
1317	557315	2
1317	1915	1
1317	1916	1
1317	11381	1
1317	13451	1
1317	152433	1
1317	345013	1
1317	465497	1
1317	496471	1
1317	600668	1
1317	1911	0
1317	1913	0
1317	1914	0
1317	80456	0
1317	274235	0
1317	345010	0
1317	345011	0
1317	345012	0
1317	465498	0
1317	475527	0
1317	713224	0
1753	257665	3
1753	258122	2
1753	655238	2
1753	65642	1
1753	368080	1
1753	450207	1
1753	613108	1
1753	2555	0
1753	2556	0
1753	403096	0
1753	738873	0
1835	53483	3
1835	224460	3
1835	282145	3
1835	198814	2
1835	224459	2
1835	417198	2
1835	680262	2
1835	708949	2
1835	2673	1
1835	698869	1
1835	53484	0
1835	53485	0
1835	53486	0
1835	282146	0
1835	417199	0
1835	427990	0
1835	510204	0
1835	616826	0
1835	680261	0
1835	698870	0
1835	698871	0
1835	698872	0
1835	708938	0
1901	162762	3
1901	205467	2
1901	290092	2
1901	686123	2
1901	736475	2
1901	2765	1
1901	736470	1
1901	463751	0
1901	485465	0
1901	544599	0
1901	713624	0
1901	736469	0
1901	736471	0
1901	736472	0
1901	736473	0
1901	736474	0
2262	52079	3
2262	360643	2
2262	471819	2
2262	714715	2
2262	52078	1
2262	329091	1
2262	3342	0
2262	66595	0
2262	329089	0
2262	437985	0
2262	641913	0
2262	666262	0
2576	28555	3
2576	584897	3
2576	634342	3
2576	395728	2
2576	514372	2
2576	285393	1
2576	486957	1
2576	3835	0
2576	438661	0
2576	488136	0
2576	610792	0
2576	634343	0
2576	672024	0
2672	715382	3
2672	148859	2
2672	317356	2
2672	333265	2
2672	519467	2
2672	744148	2
2672	600557	1
2672	3970	0
2672	15788	0
2672	317355	0
2672	430298	0
2814	328647	3
2814	17666	2
2814	299055	2
2814	420251	2
2814	655584	2
2814	15082	1
2814	206960	1
2814	655582	1
2814	655585	1
2814	4166	0
2814	379320	0
2814	40662	0
2891	132020	3
2891	488339	3
2891	426950	2
2891	537358	2
2891	537359	2
2891	537361	2
2891	608497	2
2891	131770	1
2891	537362	1
2891	670651	1
2891	4276	0
2891	175641	0
2891	537356	0
2891	537357	0
2891	537360	0
2891	537363	0
2891	571004	0
3229	160391	3
3229	195926	3
3229	237948	3
3229	420012	3
3229	430381	3
3229	712293	3
3229	4764	2
3229	56343	2
3229	237952	2
3229	352906	2
3229	384742	2
3229	598493	2
3229	675936	2
3229	237946	1
3229	237949	1
3229	198882	1
3229	198888	1
3229	544133	1
3229	560769	1
3229	81825	0
3229	160387	0
3229	160388	0
3229	160389	0
3229	160390	0
3229	195912	0
3229	195914	0
3229	237947	0
3229	237951	0
3229	237953	0
3229	276279	0
3229	352905	0
3229	198881	0
3229	198887	0
3229	198884	0
3229	384743	0
3229	198886	0
3229	198885	0
3229	430379	0
3229	430380	0
3229	638213	0
3229	619236	0
3229	619234	0
3229	693646	0
3259	438181	3
3259	34492	2
3259	270842	2
3259	4827	1
3259	5750	0
3259	83844	0
3259	153172	0
3259	274654	0
3259	597107	0
3259	717263	0
3259	723019	0
3542	506907	3
3542	176599	2
3542	393465	2
3542	215347	1
3542	294191	1
3542	369552	1
3542	374136	1
3542	99232	1
3542	489253	1
3542	342979	1
3542	633571	1
3542	5260	0
3542	176600	0
3542	265316	0
3542	294200	0
3542	294203	0
3542	530102	0
3542	753088	0
3734	88750	3
3734	658161	3
3734	5555	2
3734	37940	2
3734	37941	2
3734	505983	2
3734	563419	2
3734	608299	2
3734	658160	2
3734	684384	2
3734	226253	1
3734	590561	1
3734	88751	0
3734	259845	0
3734	563417	0
3734	563418	0
3734	608298	0
3804	757098	3
3804	11781	2
3804	609660	2
3804	743791	1
3804	3532	0
3804	11780	0
3804	153507	0
3804	298437	0
3804	466827	0
3804	515968	0
3804	693245	0
3846	5704	3
3846	184045	3
3846	139075	2
3846	235802	2
3846	644373	2
3846	5705	1
3846	235801	1
3846	1437	0
3846	139076	0
3846	184043	0
3846	184044	0
3846	189375	0
3846	407979	0
3846	664709	0
3846	682765	0
3846	717218	0
3945	586355	3
3945	5852	2
3945	22454	2
3945	22455	2
3945	287401	2
3945	441514	2
3945	616038	2
3945	705981	2
3945	705982	2
3945	473774	1
3945	709376	1
3945	756921	1
3945	756920	0
4115	292835	3
4115	601810	2
4115	635882	2
4115	646987	2
4115	36760	1
4115	516678	1
4115	646986	1
4115	6105	0
4115	10995	0
4115	61214	0
4115	291824	0
4115	568823	0
4170	127170	3
4170	148257	3
4170	148256	2
4170	239929	2
4170	491027	2
4170	239930	1
4170	386825	1
4170	627006	1
4170	6204	0
4170	148255	0
4170	191030	0
4170	191031	0
4170	306242	0
4170	319742	0
4170	319743	0
4170	627005	0
4170	660267	0
4181	356132	3
4181	6216	2
4181	137793	2
4181	222269	2
4181	476182	2
4181	305472	1
4181	101413	0
4181	177563	0
4181	272807	0
4181	11911	0
4181	476183	0
4181	597047	0
4181	682174	0
4373	369741	3
4373	413468	2
4373	557353	2
4373	6548	1
4373	532780	1
4373	639822	1
4373	47029	0
4373	49712	0
4373	413469	0
4373	595293	0
4373	655891	0
4373	722412	0
4493	6733	3
4493	451391	3
4493	562740	3
4493	137817	2
4493	371752	2
4493	639869	2
4493	158957	1
4493	459129	1
4493	137816	0
4493	158958	0
4493	451390	0
4493	451392	0
4493	577635	0
4493	639870	0
4493	639871	0
4493	646472	0
4493	710912	0
4565	382557	3
4565	582585	3
4565	57089	2
4565	341131	2
4565	647658	1
4565	6851	0
4565	6852	0
4565	57090	0
4565	172012	0
4565	172013	0
4565	459251	0
4565	531239	0
4565	571191	0
4572	576100	3
4572	380740	2
4572	598195	2
4572	625673	2
4572	656957	2
4572	718333	1
4572	6860	0
4572	66654	0
4572	99763	0
4572	99764	0
4572	187725	0
4572	598194	0
4592	40800	3
4592	459223	3
4592	6890	2
4592	135159	2
4592	652667	2
4592	666585	2
4592	734764	2
4592	394625	1
4592	464268	1
4592	647630	1
4592	194481	0
4592	489058	0
4592	518642	0
4592	541672	0
4720	7084	3
4720	473243	3
4720	288385	2
4720	435435	2
4720	517417	2
4720	718578	2
4720	386242	1
4720	45435	0
4720	237208	0
4720	288386	0
4720	386241	0
4720	435436	0
5178	176559	3
5178	293858	3
5178	359016	3
5178	457737	3
5178	746579	3
5178	7798	2
5178	308348	2
5178	399555	2
5178	399556	2
5178	399557	2
5178	635950	2
5178	635952	2
5178	668366	2
5178	678834	2
5178	678835	2
5178	730758	2
5178	746577	2
5178	743938	2
5178	746580	2
5178	614812	1
5178	614819	1
5178	635951	1
5178	280357	0
5178	746576	0
5773	8759	3
5773	8760	3
5773	59015	2
5773	117832	2
5773	230249	2
5773	230670	2
5773	542188	2
5773	591481	2
5773	629489	2
5773	711463	2
5773	629490	1
5773	678974	1
5773	403405	0
5811	606019	3
5811	8837	2
5811	618112	2
5811	621167	2
5811	680435	2
5811	103883	1
5811	242291	1
5811	678250	1
5811	14710	0
5811	135679	0
5811	478343	0
5812	92159	3
5812	590326	3
5812	8838	2
5812	92160	2
5812	92162	2
5812	190789	2
5812	401153	2
5812	401154	2
5812	481545	2
5812	649608	2
5812	727256	2
5812	190790	1
5812	481544	1
5812	649606	1
5812	760970	1
5812	649609	0
5812	682121	0
5812	682122	0
5812	682123	0
5812	760968	0
5812	760971	0
5929	9020	3
5929	125558	3
5929	525849	3
5929	53987	2
5929	219228	2
5929	411181	2
5929	550708	2
5929	574860	2
5929	720529	2
5929	166168	1
5929	219226	1
5929	411182	1
5929	719949	1
5929	719950	1
5929	166169	0
5929	219227	0
5929	219229	0
5929	434979	0
5929	434980	0
5929	550709	0
5929	574859	0
5929	719951	0
5929	720530	0
6314	499793	3
6314	663627	3
6314	265454	2
6314	181032	1
6314	9646	0
6314	130585	0
6314	265451	0
6314	265452	0
6314	265453	0
6314	265455	0
6314	499792	0
6314	150785	0
6314	150786	0
6314	544532	0
6314	688323	0
6314	688324	0
6314	700297	0
6314	700302	0
6314	720624	0
6420	155879	3
6420	397979	3
6420	447387	3
6420	9824	2
6420	60594	2
6420	60595	2
6420	231771	2
6420	397978	2
6420	566220	2
6420	630872	2
6420	155861	1
6420	462777	1
6420	630873	1
6420	60596	0
6420	181888	0
6524	234824	3
6524	592311	3
6524	68943	2
6524	424127	2
6524	507237	2
6524	520095	2
6524	700058	2
6524	63667	1
6524	234822	1
6524	337192	1
6524	337300	1
6524	9994	0
6524	21599	0
6524	113892	0
6524	234823	0
6524	507234	0
6588	125929	3
6588	521013	2
6588	536310	2
6588	738270	2
6588	88167	1
6588	346310	1
6588	10100	0
6588	37927	0
6588	88164	0
6588	88166	0
6588	318284	0
6588	372606	0
6607	10140	3
6607	281975	3
6607	642305	3
6607	208999	2
6607	453872	2
6607	730332	2
6607	51734	1
6607	93467	1
6607	214251	1
6607	172558	0
6607	214250	0
6607	642304	0
6665	265186	3
6665	10243	2
6665	308976	2
6665	543605	2
6665	746317	2
6665	543606	1
6665	232164	0
6665	265581	0
6665	265582	0
6665	289840	0
6665	370495	0
6665	386707	0
6665	543604	0
6706	656070	3
6706	664056	3
6706	494344	2
6706	723217	2
6706	10324	1
6706	22832	1
6706	53876	1
6706	82764	1
6706	10323	0
6706	132542	0
6706	417202	0
6740	310765	3
6740	331801	3
6740	412450	3
6740	10384	2
6740	118452	2
6740	118453	2
6740	399356	2
6740	399357	2
6740	59657	2
6740	310766	1
6740	426801	1
6740	24228	0
6740	195430	0
6740	585	0
6740	426800	0
6740	426802	0
6740	426803	0
6740	426806	0
6740	721975	0
7092	413745	3
7092	10934	2
7092	123908	2
7092	445477	2
7092	634072	2
7092	498205	1
7092	693603	1
7092	10933	0
7092	425058	0
7092	530061	0
7092	530062	0
7092	602263	0
7399	544226	3
7399	100104	2
7399	695387	2
7399	71251	1
7399	11407	0
7399	11408	0
7399	65996	0
7399	203107	0
7399	598427	0
7399	10596	0
7399	641254	0
7941	45046	3
7941	516930	3
7941	548212	3
7941	12282	2
7941	435357	2
7941	499883	2
7941	635048	2
7941	12281	1
7941	274392	1
7941	635049	1
7941	684968	1
7941	717472	1
7941	133284	0
7941	203074	0
7941	72398	0
7941	723884	0
8214	12741	3
8214	267176	3
8214	267177	3
8214	15991	2
8214	15992	2
8214	377031	2
8214	736405	2
8214	220027	1
8214	546227	1
8214	653349	1
8214	62939	0
8214	183965	0
8214	183966	0
8214	183967	0
8214	220028	0
8214	551396	0
8214	704295	0
8215	134550	3
8215	150064	3
8215	400111	3
8215	12742	2
8215	90587	2
8215	96216	2
8215	150062	2
8215	271541	2
8215	354897	2
8215	400110	2
8215	524165	2
8215	90583	1
8215	150063	1
8215	321619	1
8215	321622	1
8215	400112	1
8215	400114	1
8215	405232	1
8215	524168	1
8215	90577	0
8215	96214	0
8215	96217	0
8215	321621	0
8215	321625	0
8215	354896	0
8215	397811	0
8215	400113	0
8215	400115	0
8215	414764	0
8215	462469	0
8726	216596	3
8726	13571	2
8726	248680	2
8726	509453	2
8726	503397	1
8726	577267	1
8726	747642	1
8726	388907	0
8726	697049	0
8726	762196	0
8802	25804	3
8802	206827	3
8802	328487	3
8802	604951	3
8802	294954	2
8802	323737	2
8802	52254	2
8802	449412	2
8802	345279	1
8802	638694	1
8802	13682	0
8877	297776	3
8877	13813	2
8877	242934	2
8877	297777	2
8877	297780	2
8877	418980	2
8877	509325	2
8877	477330	2
8877	688769	2
8877	688780	2
8877	745699	2
8877	163801	1
8877	231261	1
8877	231264	1
8877	242939	1
8877	242940	1
8877	297779	1
8877	297782	1
8877	329798	1
8877	415518	1
8877	477322	1
8877	688777	1
8877	242933	0
8877	242937	0
8877	253107	0
8877	253115	0
8877	253146	0
8877	297781	0
8877	337469	0
8877	337476	0
8877	370625	0
8877	418981	0
8877	506303	0
8877	605127	0
8877	462389	0
8984	60881	3
8984	88631	3
8984	628903	3
8984	651403	3
8984	13980	2
8984	143666	2
8984	143667	2
8984	147615	2
8984	374944	2
8984	374948	2
8984	581903	2
8984	13981	1
8984	63708	1
8984	374946	0
8984	374947	0
8984	374949	0
8984	708274	0
9142	498979	3
9142	93792	2
9142	498978	1
9142	14270	0
9142	14271	0
9142	43500	0
9142	218375	0
9142	268772	0
9142	407469	0
9142	575916	0
9142	585078	0
9142	585079	0
9142	625491	0
9142	625492	0
9180	333899	3
9180	14338	2
9180	208762	2
9180	259022	2
9180	295789	2
9180	488717	2
9180	524313	2
9180	725907	2
9180	739767	2
9180	555869	1
9180	739766	0
9193	215517	3
9193	337045	2
9193	218476	1
9193	696553	1
9193	97702	0
9193	97703	0
9193	268873	0
9193	298801	0
9193	527354	0
9193	720059	0
9229	578569	3
9229	278064	2
9229	399899	2
9229	562870	2
9229	103043	1
9229	14426	0
9229	52711	0
9229	223733	0
9229	416617	0
9229	416618	0
9340	178629	3
9340	578188	3
9340	748602	3
9340	267640	2
9340	422822	2
9340	466649	2
9340	578191	2
9340	578192	2
9340	627843	2
9340	627844	2
9340	627845	2
9340	659902	2
9340	748603	2
9340	307211	1
9340	428088	1
9340	578189	1
9340	14591	0
9340	627840	0
9340	719718	0
9559	548422	3
9559	14944	2
9559	14940	1
9559	14942	1
9559	14945	1
9559	90784	1
9559	148003	1
9559	350863	1
9559	379233	1
9559	610182	1
9559	14939	0
9559	14943	0
9559	14946	0
9559	14947	0
9559	65120	0
9559	89369	0
9559	89373	0
9559	102176	0
9559	102177	0
9559	222986	0
9559	316001	0
9603	355540	3
9603	391908	3
9603	703893	3
9603	139393	2
9603	219579	2
9603	264705	2
9603	458708	2
9603	46106	2
9603	46100	2
9603	703892	2
9603	722702	2
9603	15013	1
9603	535158	1
9603	722706	1
9603	535157	0
9764	15263	3
9764	152586	3
9764	648063	3
9764	31543	2
9764	108876	2
9764	31540	2
9764	372032	2
9764	372033	2
9764	150152	2
9764	735893	2
9764	31541	1
9764	155359	1
9764	155362	1
9764	15264	0
9764	15265	0
9764	58526	0
9764	58527	0
9764	58529	0
9764	58530	0
9764	58531	0
9764	31545	0
9764	93308	0
9764	148302	0
9764	31546	0
9764	31547	0
9764	31548	0
9764	31549	0
9764	31542	0
9764	31544	0
9764	155361	0
9764	166679	0
9764	155364	0
9764	351116	0
9764	372030	0
9764	510292	0
9764	648526	0
9764	648528	0
9764	648529	0
9764	735890	0
9768	237114	3
9768	447858	3
9768	585854	3
9768	20383	2
9768	186419	2
9768	534234	2
9768	585855	2
9768	635324	2
9768	15271	1
9768	20384	1
9768	136186	0
9768	756411	0
10280	271837	3
10280	549902	3
10280	16097	2
10280	98936	2
10280	133196	2
10280	187411	2
10280	271836	2
10280	399404	2
10280	500367	2
10280	500368	2
10280	16099	1
10280	97811	1
10280	187412	1
10280	271834	1
10280	271839	1
10280	321885	1
10280	631505	1
10280	96706	0
10280	184095	0
10280	271835	0
10280	631504	0
10280	703182	0
10280	752359	0
10284	236481	3
10284	302639	3
10284	497806	3
10284	16102	2
10284	329631	2
10284	412155	2
10284	412158	2
10284	412160	2
10284	494047	2
10284	66126	1
10284	497807	1
10284	172117	0
10284	231083	0
10284	266960	0
10284	412157	0
10284	412159	0
10344	407930	3
10344	445426	3
10344	456309	3
10344	16204	2
10344	264120	2
10344	314419	2
10344	314859	2
10344	407931	2
10344	574851	2
10344	633751	2
10344	727812	2
10344	727813	1
10344	574852	0
10344	727814	0
10601	156667	3
10601	188559	3
10601	58078	2
10601	108420	2
10601	188560	2
10601	223177	2
10601	223179	2
10601	223180	2
10601	419148	2
10601	607999	2
10601	16656	1
10601	215231	1
10601	223178	1
10601	703592	1
10601	137705	0
11050	529202	3
11050	17455	2
11050	67680	2
11050	159406	1
11050	17454	0
11050	128923	0
11050	179274	0
11050	268785	0
11050	52914	0
11050	354651	0
11050	491966	0
11050	589485	0
11076	17491	3
11076	430974	3
11076	515541	3
11076	608792	3
11076	630834	3
11076	658107	2
11076	52152	1
11076	160983	0
11076	210302	0
11076	267350	0
11076	95225	0
11123	49984	3
11123	690908	3
11123	331103	2
11123	138624	1
11123	483808	1
11123	17566	0
11123	191885	0
11123	599864	0
11123	672434	0
11123	759511	0
11139	51169	3
11139	687522	3
11139	69769	2
11139	97115	2
11139	97132	2
11139	131640	2
11139	281583	2
11139	97081	1
11139	97171	1
11139	139195	1
11139	139196	1
11139	209598	1
11139	518931	1
11139	620564	1
11139	620565	1
11139	750695	1
11139	2551	0
11139	56174	0
11139	97101	0
11139	97160	0
11139	131641	0
11139	453263	0
11139	457534	0
11139	457558	0
11139	457559	0
11139	620563	0
11139	675809	0
11139	716754	0
11226	202764	3
11226	465897	3
11226	692486	3
11226	713161	3
11226	17740	2
11226	70005	2
11226	397433	2
11226	277882	1
11226	465896	1
11226	40484	0
11226	40485	0
11226	57833	0
11226	70004	0
11226	277881	0
11226	467150	0
11226	713162	0
11233	658432	3
11233	663671	3
11233	189104	2
11233	382346	2
11233	484209	1
11233	17750	0
11233	89027	0
11233	210005	0
11233	221235	0
11233	292520	0
11233	331474	0
11233	663672	0
11258	382181	3
11258	68040	2
11258	151199	2
11258	151200	2
11258	502267	2
11258	361544	1
11258	17812	0
11258	151201	0
11258	189155	0
11258	382740	0
11258	501816	0
11258	502268	0
11258	550562	0
11258	550563	0
11359	474512	3
11359	533009	3
11359	729580	3
11359	68681	2
11359	387581	2
11359	436797	2
11359	17956	1
11359	331511	0
11359	387580	0
11359	425823	0
11359	436798	0
11359	614229	0
11576	209512	3
11576	18324	2
11576	183477	2
11576	441247	2
11576	580717	2
11576	393935	1
11576	303011	0
11576	494583	0
11576	582298	0
11576	630868	0
11576	630869	0
11576	669340	0
11705	276684	3
11705	300117	2
11705	389740	2
11705	210610	1
11705	439030	1
11705	691898	1
11705	18542	0
11705	68933	0
11705	267848	0
11705	300115	0
11705	383813	0
11705	471527	0
11705	691899	0
11709	417158	3
11709	412781	2
11709	224427	1
11709	299408	1
11709	18549	0
11709	53437	0
11709	136130	0
11709	248810	0
11709	577430	0
11709	659117	0
11712	130533	3
11712	638581	3
11712	109406	2
11712	354913	2
11712	412484	2
11712	520707	2
11712	693867	2
11712	726209	2
11712	18557	1
11712	726210	1
11712	759927	1
11712	168889	0
11712	6396	0
11712	11911	0
11712	638580	0
12210	102685	3
12210	289628	3
12210	97585	2
12210	188720	2
12210	211396	2
12210	326164	2
12210	352235	2
12210	352240	2
12210	377123	2
12210	610794	2
12210	610797	2
12210	97581	1
12210	211397	1
12210	294119	1
12210	424558	1
12210	580083	1
12210	19392	0
12210	97584	0
12210	377122	0
12210	414859	0
12210	580085	0
12359	422225	3
12359	454260	3
12359	476952	3
12359	161664	2
12359	161665	2
12359	161667	2
12359	238195	2
12359	404080	2
12359	558240	2
12359	19649	1
12359	369145	1
12359	19647	0
12359	19648	0
12359	19650	0
12359	161666	0
12359	249636	0
12359	422226	0
12359	454258	0
12359	731486	0
12371	503561	3
12371	520089	3
12371	19674	2
12371	268526	2
12371	268537	2
12371	312381	2
12371	520088	2
12371	552973	2
12371	552974	2
12371	574162	2
12371	520090	1
12371	622894	1
12371	96404	0
12371	223664	0
12371	274252	0
12371	312380	0
12371	503562	0
12371	525097	0
12371	525099	0
12371	525100	0
12371	525102	0
12371	611656	0
12559	76909	3
12559	553453	3
12559	192594	2
12559	358567	2
12559	590845	2
12559	646630	2
12559	724247	2
12559	76908	1
12559	242653	1
12559	472249	1
12559	553452	1
12559	20013	0
12559	242652	0
12559	724248	0
13230	219123	3
13230	284699	3
13230	694514	3
13230	21228	2
13230	617355	2
13230	732766	2
13230	666870	1
13230	163239	0
13230	191427	0
13230	644148	0
13261	127142	3
13261	385710	3
13261	455009	3
13261	579860	3
13261	732292	3
13261	21286	2
13261	109713	2
13261	109714	2
13261	109715	2
13261	262931	2
13261	460062	2
13261	554001	2
13261	385709	1
13261	655070	1
13261	21285	0
13261	109716	0
13623	475243	3
13623	21957	2
13623	187098	2
13623	468089	2
13623	168423	1
13623	286903	1
13623	152154	0
13623	168415	0
13623	273690	0
13623	286904	0
13623	323776	0
13623	343204	0
13623	410420	0
13623	410427	0
13623	468087	0
13623	468088	0
13632	61648	3
13632	182682	3
13632	423976	3
13632	474095	2
13632	612532	2
13632	685890	2
13632	662497	1
13632	21974	0
13632	72147	0
13632	444083	0
13632	683698	0
14102	610348	3
14102	143735	2
14102	447531	2
14102	450227	2
14102	618316	2
14102	629612	2
14102	22856	1
14102	399039	1
14102	536900	1
14102	610350	1
14102	22857	0
14102	143734	0
14102	143736	0
14102	143737	0
14102	393912	0
14102	399037	0
14102	399038	0
14102	399040	0
14102	447529	0
14102	447535	0
14102	536899	0
14102	610349	0
14224	382209	3
14224	614358	3
14224	387444	2
14224	543130	2
14224	627326	2
14224	669752	1
14224	23113	0
14224	194227	0
14224	627550	0
14224	676875	0
14225	440863	3
14225	1207	2
14225	331421	2
14225	445523	2
14225	663634	1
14225	585	0
14225	55326	0
14225	72684	0
14225	1208	0
14225	215014	0
14225	387394	0
14225	474575	0
14225	550176	0
14225	663009	0
14377	686452	3
14377	304654	2
14377	425944	2
14377	497893	2
14377	23363	1
14377	425945	1
14377	425946	1
14377	686453	1
14377	254230	0
14377	342975	0
14377	492742	0
14377	614355	0
14377	681281	0
14377	686454	0
14831	653063	3
14831	697487	3
14831	338643	2
14831	343053	2
14831	756378	2
14831	602765	1
14831	24125	0
14831	203376	0
14831	203377	0
14831	216208	0
14831	216210	0
14831	343054	0
14831	421446	0
14831	529664	0
14831	602764	0
14831	653064	0
14831	756381	0
14997	140194	3
14997	305770	3
14997	457345	3
14997	544399	3
14997	24448	2
14997	311938	2
14997	426998	2
14997	544398	2
14997	24447	1
14997	593645	1
14997	144638	0
14997	185512	0
14997	544401	0
14997	734779	0
15100	202605	3
15100	494374	3
15100	81834	2
15100	107760	2
15100	228501	2
15100	252914	2
15100	24621	1
15100	456299	1
15100	615661	1
15100	509147	0
15115	167895	3
15115	146854	2
15115	583900	2
15115	633407	2
15115	737453	2
15115	258761	1
15115	657057	1
15115	24648	0
15115	66743	0
15115	66744	0
15115	469802	0
15155	91568	3
15155	51305	2
15155	196658	2
15155	196659	2
15155	246582	2
15155	1144	2
15155	389761	2
15155	611269	2
15155	611273	2
15155	91576	2
15155	91577	2
15155	91574	2
15155	91581	2
15155	736725	2
15155	736726	2
15155	736731	2
15155	96365	1
15155	1149	1
15155	1143	1
15155	288396	1
15155	611281	1
15155	91578	1
15155	91579	1
15155	24712	0
15155	1150	0
15155	1147	0
15155	1148	0
15155	6936	0
15155	1146	0
15155	1141	0
15155	1142	0
15155	91575	0
15155	383404	0
15155	519319	0
15155	572003	0
15155	611303	0
15155	453690	0
15155	331203	0
15155	91567	0
15155	91580	0
15155	736724	0
15155	736729	0
15155	736732	0
15242	83698	3
15242	415107	3
15242	416336	3
15242	536044	3
15242	725866	3
15242	728470	3
15242	24875	2
15242	353628	2
15242	415109	2
15242	536133	2
15242	723851	2
15242	24876	1
15242	83697	1
15242	299749	1
15242	353629	1
15242	415108	1
15242	723852	0
15468	43949	3
15468	226147	3
15468	25324	2
15468	47172	2
15468	106069	2
15468	226145	2
15468	299715	2
15468	420917	2
15468	526053	2
15468	226144	1
15468	43970	0
15468	107590	0
15468	42093	0
15468	403388	0
15468	732	0
15468	5858	0
15623	126391	3
15623	126393	2
15623	279062	2
15623	279063	2
15623	558786	2
15623	75878	1
15623	607997	1
15623	25621	0
15623	104588	0
15623	126392	0
15623	389096	0
15623	389097	0
15623	589433	0
15623	589434	0
15623	676647	0
15799	540604	3
15799	659621	3
15799	25956	2
15799	31132	2
15799	520494	2
15799	659620	2
15799	709622	2
15799	25955	1
15799	331503	1
15799	721295	1
15799	737583	1
15799	155190	0
15799	551936	0
15799	737584	0
15799	742935	0
15831	593871	3
15831	391080	2
15831	26029	1
15831	617071	1
15831	218037	0
15831	345779	0
15831	466326	0
15831	466327	0
15831	22312	0
15831	628461	0
15831	699170	0
15831	749249	0
15862	478100	3
15862	312647	2
15862	419354	1
15862	26104	0
15862	26105	0
15862	69958	0
15862	71113	0
15862	304080	0
15862	323486	0
15862	402114	0
15862	428642	0
15862	483217	0
15862	521072	0
15862	710206	0
15867	65719	3
15867	47179	2
15867	47180	2
15867	218352	2
15867	513704	2
15867	656086	2
15867	26119	1
15867	26118	0
15867	26121	0
15867	168093	0
15867	218351	0
15867	218353	0
15867	218923	0
15867	218924	0
15867	257785	0
15867	269349	0
15867	513712	0
15867	656085	0
15926	26229	3
15926	306881	3
15926	68921	2
15926	299819	2
15926	318968	2
15926	413248	2
15926	416708	2
15926	477050	2
15926	690956	2
15926	727869	2
15926	299821	1
15926	366897	1
15926	312083	0
15926	530106	0
15926	157015	0
16071	26497	3
16071	135555	3
16071	307828	2
16071	478506	2
16071	581807	2
16071	667018	2
16071	746200	2
16071	413800	1
16071	575835	1
16071	575836	1
16071	581808	1
16071	667017	1
16071	746201	1
16071	173535	0
16071	369806	0
16071	478507	0
16565	115779	3
16565	505915	3
16565	27404	2
16565	167535	2
16565	236746	2
16565	524420	2
16565	524425	2
16565	115778	1
16565	524424	1
16565	697958	1
16565	27403	0
16565	115777	0
16565	148867	0
16565	252148	0
16565	524421	0
16565	524422	0
16565	524423	0
16565	524426	0
16565	530491	0
16565	617648	0
16565	689920	0
16706	27667	3
16706	529449	3
16706	566702	3
16706	733955	3
16706	295811	2
16706	295812	2
16706	295813	2
16706	249609	1
16706	504340	1
16706	744316	1
16706	122081	0
16706	295809	0
16706	295810	0
16706	295814	0
16706	508307	0
16776	27803	3
16776	232483	3
16776	40770	2
16776	442209	2
16776	543219	2
16776	197972	1
16776	420540	1
16776	681186	1
16776	27804	0
16776	197973	0
16776	11911	0
16776	420539	0
16776	436102	0
16776	2516	0
17515	655928	3
17515	65564	2
17515	513568	2
17515	29231	1
17515	688036	1
17515	29230	0
17515	105455	0
17515	379855	0
17515	551562	0
17515	67	0
17515	101406	0
17515	705818	0
17515	738512	0
17624	29436	3
17624	322003	3
17624	118295	2
17624	443826	2
17624	553072	2
17624	639312	2
17624	639314	1
17624	42529	0
17624	208412	0
17624	322004	0
17624	463218	0
17624	639310	0
17624	639311	0
17624	639313	0
17624	672188	0
17631	708444	3
17631	334096	2
17631	620481	1
17631	29451	0
17631	144408	0
17631	152995	0
17631	227453	0
17631	337247	0
17631	337248	0
17631	337249	0
17631	403672	0
17631	596512	0
17631	669982	0
17654	112449	3
17654	29488	2
17654	221448	2
17654	61694	1
17654	115257	1
17654	253703	1
17654	61693	0
17654	61696	0
17654	165382	0
17654	286872	0
17654	696631	0
17654	696632	0
17654	721325	0
17654	721326	0
17873	29907	3
17873	142516	3
17873	441058	3
17873	112314	2
17873	264889	2
17873	264901	2
17873	739420	2
17873	148767	1
17873	562328	1
17873	61960	0
17873	394148	0
17873	513446	0
18115	696398	3
18115	426847	2
18115	420354	1
18115	626615	1
18115	30358	0
18115	138767	0
18115	538796	0
18115	676141	0
18115	703514	0
18115	754297	0
18731	318983	3
18731	483529	3
18731	483530	3
18731	433943	2
18731	493274	2
18731	602143	2
18731	443633	1
18731	443869	1
18731	31567	0
18731	129439	0
18731	312956	0
18731	312958	0
18731	312959	0
18731	312960	0
18731	312961	0
18731	312963	0
18731	312964	0
18731	312965	0
18731	318982	0
18731	433944	0
18731	483528	0
18731	515270	0
18731	602141	0
18731	602142	0
18918	521310	3
18918	36893	2
18918	36894	2
18918	70193	2
18918	86855	2
18918	474177	2
18918	488442	2
18918	31964	1
18918	70192	1
18918	203141	1
18918	633009	1
18918	36669	0
18918	36895	0
18918	317715	0
18918	317716	0
18918	474175	0
18918	474176	0
18928	507443	3
18928	587660	3
18928	31988	2
18928	213281	2
18928	55178	1
18928	197118	1
18928	538559	1
18928	51457	0
18928	660549	0
18928	743834	0
19192	538128	3
19192	451021	2
19192	505077	2
19192	541972	2
19192	32514	1
19192	451020	1
19192	32513	0
19192	32515	0
19192	142499	0
19192	317895	0
19192	423013	0
19192	591284	0
19192	1850	0
19222	32605	3
19222	526812	2
19222	258332	1
19222	516566	1
19222	645715	1
19222	126485	0
19222	126486	0
19222	126487	0
19222	336561	0
19222	406029	0
19222	516567	0
19222	592309	0
19222	695475	0
19222	716950	0
19333	166084	3
19333	685458	3
19333	198757	2
19333	478846	2
19333	695567	2
19333	287553	1
19333	32854	0
19333	115976	0
19333	287439	0
19333	840	0
19590	33454	3
19590	308532	2
19590	45342	1
19590	464896	1
19590	473319	1
19590	473320	1
19590	732565	1
19590	110411	0
19590	117639	0
19590	160535	0
19590	234048	0
19590	281821	0
19590	739244	0
20443	35176	3
20443	124950	2
20443	315278	2
20443	315622	2
20443	399288	1
20443	226927	0
20443	356210	0
20443	518450	0
20443	560753	0
20443	625392	0
20654	174493	3
20654	713971	3
20654	152496	2
20654	229924	2
20654	487173	2
20654	35684	1
20654	487174	1
20654	754814	1
20654	124232	0
20654	229922	0
20654	328091	0
20654	433949	0
20654	487175	0
20654	487176	0
20654	713972	0
20915	222766	3
20915	36264	2
20915	36265	2
20915	606573	2
20915	638317	2
20915	68321	1
20915	36263	0
20915	121962	0
20915	261048	0
20915	261049	0
20915	339234	0
20915	453095	0
20915	606572	0
20915	638316	0
20915	638318	0
20915	730335	0
20973	36385	3
20973	239615	2
20973	383526	2
20973	603140	2
20973	616839	1
20973	633351	1
20973	255981	0
20973	567597	0
20973	654292	0
20973	737377	0
21181	465918	3
21181	368622	2
21181	462912	2
21181	715115	1
21181	36786	0
21181	99977	0
21181	317612	0
21181	368620	0
21181	368621	0
21181	546023	0
21181	595196	0
21181	631029	0
21267	207993	3
21267	569197	3
21267	606525	3
21267	36958	2
21267	368156	2
21267	520034	2
21267	106178	1
21267	328653	1
21267	520035	1
21267	138609	0
21267	226864	0
21267	696199	0
21355	293751	3
21355	300361	3
21355	508183	3
21355	458592	2
21355	471190	2
21355	37161	1
21355	145303	1
21355	158047	1
21355	471189	1
21355	471191	1
21355	658049	1
21355	471188	0
21355	471192	0
21355	748756	0
22225	230824	3
22225	230825	2
22225	237959	2
22225	288631	2
22225	321210	2
22225	347426	2
22225	347427	2
22225	410058	2
22225	630024	2
22225	230827	1
22225	321212	1
22225	321213	1
22225	321214	1
22225	321215	1
22225	39124	0
22225	69720	0
22225	159296	0
22225	159301	0
22225	230821	0
22225	230822	0
22225	230823	0
22225	230826	0
22225	230828	0
22225	321208	0
22225	372143	0
22225	395747	0
22225	598492	0
22225	658692	0
22272	290580	3
22272	89509	2
22272	552263	2
22272	466752	2
22272	679631	2
22272	39230	1
22272	290579	0
22272	340888	0
22272	647170	0
22272	687735	0
22272	705776	0
22437	517668	3
22437	39587	2
22437	116537	2
22437	319596	2
22437	347895	2
22437	522563	2
22437	605561	2
22437	244246	1
22437	39588	0
22437	231289	0
22437	725884	0
22527	204704	3
22527	39785	2
22527	39787	2
22527	39788	2
22527	94328	2
22527	325254	2
22527	326125	2
22527	377089	2
22527	685387	2
22527	495832	1
22527	39786	0
22527	122433	0
22527	377087	0
22527	377088	0
22527	496772	0
22547	100980	3
22547	691076	3
22547	50711	2
22547	270945	2
22547	320984	2
22547	414392	2
22547	39824	1
22547	39825	1
22547	100979	1
22547	659016	1
22547	270944	0
22547	270946	0
22547	359706	0
22547	549087	0
22547	549088	0
22547	691077	0
22662	40059	3
22662	98971	3
22662	407051	3
22662	512318	3
22662	542534	3
22662	542535	3
22662	40058	2
22662	59921	2
22662	104660	2
22662	140190	2
22662	140195	2
22662	214178	2
22662	407050	2
22662	607494	2
22662	716684	2
22662	407049	1
22662	181037	0
22697	139159	3
22697	598558	3
22697	700902	3
22697	40146	2
22697	89830	2
22697	92760	2
22697	180757	2
22697	207831	2
22697	268841	2
22697	318404	2
22697	318405	2
22697	574378	2
22697	40147	1
22697	180756	1
22697	285778	0
22697	574379	0
22937	681112	3
22937	59180	2
22937	86985	2
22937	125470	2
22937	295205	2
22937	313674	2
22937	230289	1
22937	230291	1
22937	40698	0
22937	59179	0
22937	59181	0
22937	141951	0
22937	230290	0
22937	230292	0
22937	313673	0
22937	699473	0
22937	737095	0
22963	40765	3
22963	393153	3
22963	431739	3
22963	440039	3
22963	524296	3
22963	68245	2
22963	239413	2
22963	426738	2
22963	123472	1
22963	123471	0
22963	161703	0
22963	161704	0
23251	648656	3
23251	140153	2
23251	233179	2
23251	682309	2
23251	90389	1
23251	406003	1
23251	41402	0
23251	41403	0
23251	41404	0
23251	41405	0
23251	41406	0
23251	140154	0
23251	172609	0
23251	406215	0
23251	576185	0
23251	648657	0
23298	504350	3
23298	546677	3
23298	622861	3
23298	665803	3
23298	41521	2
23298	96529	2
23298	228518	2
23298	313152	2
23298	454338	2
23298	454339	2
23298	623066	2
23298	622860	1
23298	672338	1
23298	47462	0
23298	454340	0
23298	622859	0
23428	92223	3
23428	123800	2
23428	283275	2
23428	295568	2
23428	411551	2
23428	411552	2
23428	637648	2
23428	244854	1
23428	283274	1
23428	411549	1
23428	41869	0
23428	92220	0
23428	92221	0
23428	283273	0
23428	361609	0
23428	605348	0
23428	637649	0
23428	637650	0
23428	637651	0
23592	42260	3
23592	682582	3
23592	682588	3
23592	361593	2
23592	361594	2
23592	528536	2
23592	531199	2
23592	682585	2
23592	361595	1
23592	361596	1
23592	682586	1
23592	124935	0
23592	219450	0
23592	350833	0
23592	975	0
23592	531200	0
23592	580168	0
23592	682587	0
23600	631376	3
23600	113920	2
23600	113924	2
23600	158913	2
23600	327346	2
23600	395155	2
23600	395159	2
23600	549764	2
23600	668926	2
23600	99668	1
23600	113925	1
23600	158911	1
23600	158918	1
23600	42290	0
23600	68280	0
23600	113922	0
23600	113923	0
23600	113926	0
23600	113927	0
23600	158912	0
23600	158914	0
23600	158915	0
23600	158916	0
23600	187182	0
23600	187186	0
23600	187188	0
23600	395156	0
23600	677419	0
23600	678995	0
23600	719933	0
23862	417490	3
23862	504788	2
23862	633138	2
23862	251761	1
23862	371968	1
23862	700086	1
23862	700087	1
23862	741240	1
23862	42916	0
23862	444527	0
23862	504787	0
23862	504789	0
23862	531488	0
23862	577174	0
23862	580396	0
23862	580397	0
24274	493444	3
24274	43893	2
24274	75999	2
24274	268156	2
24274	369675	2
24274	550547	2
24274	619822	2
24274	657210	2
24274	235631	1
24274	76000	0
24274	87778	0
24274	87779	0
24274	235630	0
24274	268154	0
24274	268155	0
24274	716363	0
24515	94774	3
24515	123335	2
24515	362074	2
24515	44472	1
24515	215545	1
24515	235370	1
24515	486267	1
24515	501208	1
24515	521361	1
24515	94773	0
24515	94775	0
24515	590767	0
24562	215644	3
24562	229052	2
24562	408429	2
24562	576945	2
24562	644844	2
24562	94864	1
24562	417857	1
24562	421675	1
24562	589885	1
24562	44582	0
24758	121620	3
24758	220606	3
24758	441598	3
24758	579320	3
24758	45051	2
24758	212434	2
24758	262722	1
24758	161200	0
24758	262721	0
24812	45196	3
24812	45197	2
24812	45198	2
24812	230627	2
24812	359130	2
24812	368582	2
24812	370313	2
24812	425048	2
24812	615394	2
24812	701687	2
24812	750771	2
24812	45195	1
24812	701686	1
24812	216338	0
24812	250893	0
24812	253359	0
24812	368480	0
24812	565625	0
